[{"model": "admin.logentry", "pk": 1, "fields": {"action_time": "2022-06-27T10:22:18.714Z", "user": 1, "content_type": 6, "object_id": "1", "object_repr": "Lalafo", "action_flag": 1, "change_message": "[{\"added\": {}}]"}}, {"model": "admin.logentry", "pk": 2, "fields": {"action_time": "2022-06-27T11:25:16.883Z", "user": 1, "content_type": 8, "object_id": "1", "object_repr": "Машины", "action_flag": 1, "change_message": "[{\"added\": {}}]"}}, {"model": "admin.logentry", "pk": 3, "fields": {"action_time": "2022-06-27T11:26:57.941Z", "user": 1, "content_type": 9, "object_id": "1", "object_repr": "Mercedes-Benz Sprinter 2.2 л. 2007 г", "action_flag": 1, "change_message": "[{\"added\": {}}]"}}, {"model": "admin.logentry", "pk": 4, "fields": {"action_time": "2022-06-27T11:27:52.818Z", "user": 1, "content_type": 9, "object_id": "2", "object_repr": "Mercedes-Benz S-Class 4.3 л. 2002 г. | 300000 км", "action_flag": 1, "change_message": "[{\"added\": {}}]"}}, {"model": "admin.logentry", "pk": 5, "fields": {"action_time": "2022-06-29T10:18:02.229Z", "user": 1, "content_type": 8, "object_id": "2", "object_repr": "Недвижимость", "action_flag": 1, "change_message": "[{\"added\": {}}]"}}, {"model": "admin.logentry", "pk": 6, "fields": {"action_time": "2022-06-29T10:18:12.857Z", "user": 1, "content_type": 9, "object_id": "3", "object_repr": "Продается дом", "action_flag": 1, "change_message": "[{\"added\": {}}]"}}, {"model": "admin.logentry", "pk": 7, "fields": {"action_time": "2022-07-04T10:15:09.302Z", "user": 1, "content_type": 8, "object_id": "3", "object_repr": "Одежда", "action_flag": 1, "change_message": "[{\"added\": {}}]"}}, {"model": "admin.logentry", "pk": 8, "fields": {"action_time": "2022-07-04T10:23:56.226Z", "user": 1, "content_type": 8, "object_id": "4", "object_repr": "Телефоны", "action_flag": 1, "change_message": "[{\"added\": {}}]"}}, {"model": "admin.logentry", "pk": 9, "fields": {"action_time": "2022-07-04T11:25:32.848Z", "user": 1, "content_type": 10, "object_id": "1", "object_repr": "PostImage object (1)", "action_flag": 1, "change_message": "[{\"added\": {}}]"}}, {"model": "admin.logentry", "pk": 10, "fields": {"action_time": "2022-07-04T11:25:40.430Z", "user": 1, "content_type": 10, "object_id": "2", "object_repr": "PostImage object (2)", "action_flag": 1, "change_message": "[{\"added\": {}}]"}}, {"model": "admin.logentry", "pk": 11, "fields": {"action_time": "2022-07-04T11:28:07.317Z", "user": 1, "content_type": 10, "object_id": "3", "object_repr": "PostImage object (3)", "action_flag": 1, "change_message": "[{\"added\": {}}]"}}, {"model": "admin.logentry", "pk": 12, "fields": {"action_time": "2022-07-06T11:10:08.652Z", "user": 1, "content_type": 14, "object_id": "1", "object_repr": "IT-RUN", "action_flag": 1, "change_message": "[{\"added\": {}}]"}}, {"model": "admin.logentry", "pk": 13, "fields": {"action_time": "2022-07-11T10:25:15.382Z", "user": 1, "content_type": 9, "object_id": "7", "object_repr": "Продаю Mi 8 lite! Память: 64гигабайт Состояние: 9из10 Не вскрытый", "action_flag": 2, "change_message": "[{\"changed\": {\"fields\": [\"Status\"]}}]"}}, {"model": "admin.logentry", "pk": 14, "fields": {"action_time": "2022-07-11T10:41:00.136Z", "user": 1, "content_type": 9, "object_id": "2", "object_repr": "Mercedes-Benz S-Class 4.3 л. 2002 г. | 300000 км", "action_flag": 2, "change_message": "[{\"changed\": {\"fields\": [\"Status\"]}}]"}}, {"model": "admin.logentry", "pk": 15, "fields": {"action_time": "2022-07-13T10:37:45.369Z", "user": 1, "content_type": 8, "object_id": "5", "object_repr": "Ноутбуки", "action_flag": 1, "change_message": "[{\"added\": {}}]"}}, {"model": "admin.logentry", "pk": 16, "fields": {"action_time": "2022-07-13T10:38:24.583Z", "user": 1, "content_type": 9, "object_id": "11", "object_repr": "Продам ноутбук", "action_flag": 1, "change_message": "[{\"added\": {}}]"}}, {"model": "admin.logentry", "pk": 17, "fields": {"action_time": "2022-07-13T10:46:32.488Z", "user": 1, "content_type": 9, "object_id": "12", "object_repr": "IPhone Xs | 64 ГБ | Розовое золото (Rose Gold) Б/у", "action_flag": 1, "change_message": "[{\"added\": {}}, {\"added\": {\"name\": \"\\u0414\\u043e\\u043f\\u043e\\u043b\\u043d\\u0438\\u0442\\u0435\\u043b\\u044c\\u043d\\u0430\\u044f \\u0444\\u043e\\u0442\\u043e\\u0433\\u0440\\u0430\\u0444\\u0438\\u044f\", \"object\": \"PostImage object (4)\"}}, {\"added\": {\"name\": \"\\u0414\\u043e\\u043f\\u043e\\u043b\\u043d\\u0438\\u0442\\u0435\\u043b\\u044c\\u043d\\u0430\\u044f \\u0444\\u043e\\u0442\\u043e\\u0433\\u0440\\u0430\\u0444\\u0438\\u044f\", \"object\": \"PostImage object (5)\"}}, {\"added\": {\"name\": \"\\u0414\\u043e\\u043f\\u043e\\u043b\\u043d\\u0438\\u0442\\u0435\\u043b\\u044c\\u043d\\u0430\\u044f \\u0444\\u043e\\u0442\\u043e\\u0433\\u0440\\u0430\\u0444\\u0438\\u044f\", \"object\": \"PostImage object (6)\"}}, {\"added\": {\"name\": \"\\u0414\\u043e\\u043f\\u043e\\u043b\\u043d\\u0438\\u0442\\u0435\\u043b\\u044c\\u043d\\u0430\\u044f \\u0444\\u043e\\u0442\\u043e\\u0433\\u0440\\u0430\\u0444\\u0438\\u044f\", \"object\": \"PostImage object (7)\"}}]"}}, {"model": "admin.logentry", "pk": 18, "fields": {"action_time": "2022-07-13T10:52:53.766Z", "user": 1, "content_type": 9, "object_id": "7", "object_repr": "Продаю Mi 8 lite! Память: 64гигабайт Состояние: 9из10 Не вскрытый", "action_flag": 2, "change_message": "[{\"changed\": {\"fields\": [\"\\u0427\\u0435\\u043b\\u043e\\u0432\\u0435\\u043a\\u043e\\u043f\\u043e\\u043d\\u044f\\u0442\\u043d\\u044b\\u0439 URL (\\u0441\\u0430\\u043c\\u043e \\u0433\\u0435\\u043d\\u0435\\u0440\\u0430\\u0446\\u0438\\u044f)\"]}}]"}}, {"model": "admin.logentry", "pk": 19, "fields": {"action_time": "2022-07-13T14:09:45.079Z", "user": 1, "content_type": 9, "object_id": "27", "object_repr": "Продам Мирбека на рабство арабом", "action_flag": 2, "change_message": "[{\"changed\": {\"fields\": [\"Title\", \"\\u0427\\u0435\\u043b\\u043e\\u0432\\u0435\\u043a\\u043e\\u043f\\u043e\\u043d\\u044f\\u0442\\u043d\\u044b\\u0439 URL (\\u0441\\u0430\\u043c\\u043e \\u0433\\u0435\\u043d\\u0435\\u0440\\u0430\\u0446\\u0438\\u044f)\"]}}, {\"deleted\": {\"name\": \"\\u0414\\u043e\\u043f\\u043e\\u043b\\u043d\\u0438\\u0442\\u0435\\u043b\\u044c\\u043d\\u0430\\u044f \\u0444\\u043e\\u0442\\u043e\\u0433\\u0440\\u0430\\u0444\\u0438\\u044f\", \"object\": \"PostImage object (None)\"}}]"}}, {"model": "admin.logentry", "pk": 20, "fields": {"action_time": "2022-07-13T14:10:23.893Z", "user": 1, "content_type": 9, "object_id": "27", "object_repr": "Продам Мирбека на рабство арабом", "action_flag": 2, "change_message": "[{\"changed\": {\"fields\": [\"Post image\"]}}]"}}, {"model": "admin.logentry", "pk": 21, "fields": {"action_time": "2022-07-13T14:10:54.838Z", "user": 1, "content_type": 9, "object_id": "27", "object_repr": "Продам Мирбека на рабство арабом", "action_flag": 2, "change_message": "[{\"changed\": {\"fields\": [\"Currency\", \"Phone\"]}}]"}}, {"model": "admin.logentry", "pk": 22, "fields": {"action_time": "2022-07-13T14:11:07.968Z", "user": 1, "content_type": 9, "object_id": "27", "object_repr": "Продам Мирбека на рабство арабом", "action_flag": 2, "change_message": "[{\"changed\": {\"fields\": [\"Price\"]}}]"}}, {"model": "admin.logentry", "pk": 23, "fields": {"action_time": "2022-07-13T14:11:22.864Z", "user": 1, "content_type": 9, "object_id": "27", "object_repr": "Продам Мирбека на рабство арабом", "action_flag": 2, "change_message": "[{\"changed\": {\"fields\": [\"Currency\"]}}]"}}, {"model": "admin.logentry", "pk": 24, "fields": {"action_time": "2022-07-13T14:11:48.815Z", "user": 1, "content_type": 8, "object_id": "6", "object_repr": "Гей", "action_flag": 1, "change_message": "[{\"added\": {}}]"}}, {"model": "admin.logentry", "pk": 25, "fields": {"action_time": "2022-07-13T14:11:50.875Z", "user": 1, "content_type": 9, "object_id": "27", "object_repr": "Продам Мирбека на рабство арабом", "action_flag": 2, "change_message": "[{\"changed\": {\"fields\": [\"Category\"]}}]"}}, {"model": "admin.logentry", "pk": 26, "fields": {"action_time": "2022-07-13T14:14:49.963Z", "user": 1, "content_type": 9, "object_id": "27", "object_repr": "Продам Мирбека на рабство арабом", "action_flag": 2, "change_message": "[{\"added\": {\"name\": \"\\u0414\\u043e\\u043f\\u043e\\u043b\\u043d\\u0438\\u0442\\u0435\\u043b\\u044c\\u043d\\u0430\\u044f \\u0444\\u043e\\u0442\\u043e\\u0433\\u0440\\u0430\\u0444\\u0438\\u044f\", \"object\": \"PostImage object (13)\"}}]"}}, {"model": "admin.logentry", "pk": 27, "fields": {"action_time": "2022-07-13T14:15:44.766Z", "user": 1, "content_type": 9, "object_id": "27", "object_repr": "Продам Мирбека на рабство арабом", "action_flag": 2, "change_message": "[{\"added\": {\"name\": \"\\u0414\\u043e\\u043f\\u043e\\u043b\\u043d\\u0438\\u0442\\u0435\\u043b\\u044c\\u043d\\u0430\\u044f \\u0444\\u043e\\u0442\\u043e\\u0433\\u0440\\u0430\\u0444\\u0438\\u044f\", \"object\": \"PostImage object (14)\"}}]"}}, {"model": "admin.logentry", "pk": 28, "fields": {"action_time": "2022-07-13T14:17:43.310Z", "user": 1, "content_type": 9, "object_id": "28", "object_repr": "Продам жену Мирбека на рабство (Недорого)", "action_flag": 1, "change_message": "[{\"added\": {}}]"}}, {"model": "admin.logentry", "pk": 29, "fields": {"action_time": "2022-07-13T14:17:50.956Z", "user": 1, "content_type": 9, "object_id": "28", "object_repr": "Продам жену Мирбека на рабство (Недорого)", "action_flag": 2, "change_message": "[{\"changed\": {\"fields\": [\"Status\"]}}]"}}, {"model": "admin.logentry", "pk": 30, "fields": {"action_time": "2022-07-14T10:45:39.987Z", "user": 1, "content_type": 9, "object_id": "28", "object_repr": "Продам жену Мирбека на рабство (Недорого)", "action_flag": 3, "change_message": ""}}, {"model": "admin.logentry", "pk": 31, "fields": {"action_time": "2022-07-14T10:45:41.536Z", "user": 1, "content_type": 9, "object_id": "27", "object_repr": "Продам Мирбека на рабство арабом", "action_flag": 3, "change_message": ""}}, {"model": "admin.logentry", "pk": 32, "fields": {"action_time": "2022-07-14T10:46:04.989Z", "user": 1, "content_type": 8, "object_id": "6", "object_repr": "Гей", "action_flag": 3, "change_message": ""}}, {"model": "admin.logentry", "pk": 33, "fields": {"action_time": "2022-07-15T10:14:02.847Z", "user": 1, "content_type": 9, "object_id": "24", "object_repr": "Продаю тойота камри 55 se американец 2016 г.В. Свежепригнан", "action_flag": 3, "change_message": ""}}, {"model": "admin.logentry", "pk": 34, "fields": {"action_time": "2022-07-15T10:14:02.852Z", "user": 1, "content_type": 9, "object_id": "23", "object_repr": "Продаю тойота камри 55 se американец 2016 г.В. Свежепригнан", "action_flag": 3, "change_message": ""}}, {"model": "admin.logentry", "pk": 35, "fields": {"action_time": "2022-07-15T10:14:02.854Z", "user": 1, "content_type": 9, "object_id": "22", "object_repr": "Продаю тойота камри 55 se американец 2016 г.В. Свежепригнан", "action_flag": 3, "change_message": ""}}, {"model": "admin.logentry", "pk": 36, "fields": {"action_time": "2022-07-15T10:14:02.856Z", "user": 1, "content_type": 9, "object_id": "21", "object_repr": "Продаю тойота камри 55 se американец 2016 г.В. Свежепригнан", "action_flag": 3, "change_message": ""}}, {"model": "admin.logentry", "pk": 37, "fields": {"action_time": "2022-07-15T10:14:02.859Z", "user": 1, "content_type": 9, "object_id": "20", "object_repr": "Продаю тойота камри 55 se американец 2016 г.В. Свежепригнан", "action_flag": 3, "change_message": ""}}, {"model": "admin.logentry", "pk": 38, "fields": {"action_time": "2022-07-15T10:14:02.862Z", "user": 1, "content_type": 9, "object_id": "19", "object_repr": "Продаю тойота камри 55 se американец 2016 г.В. Свежепригнан", "action_flag": 3, "change_message": ""}}, {"model": "admin.logentry", "pk": 39, "fields": {"action_time": "2022-07-15T10:14:02.867Z", "user": 1, "content_type": 9, "object_id": "17", "object_repr": "IPhone 12 Pro | 128 ГБ | Черный Б/у | Гарантия", "action_flag": 3, "change_message": ""}}, {"model": "admin.logentry", "pk": 40, "fields": {"action_time": "2022-07-15T10:14:02.871Z", "user": 1, "content_type": 9, "object_id": "16", "object_repr": "IPhone 12 Pro | 128 ГБ | Черный Б/у | Гарантия", "action_flag": 3, "change_message": ""}}, {"model": "admin.logentry", "pk": 41, "fields": {"action_time": "2022-07-15T10:14:02.876Z", "user": 1, "content_type": 9, "object_id": "15", "object_repr": "IPhone 12 Pro | 128 ГБ | Черный Б/у | Гарантия", "action_flag": 3, "change_message": ""}}, {"model": "admin.logentry", "pk": 42, "fields": {"action_time": "2022-07-15T10:14:34.392Z", "user": 1, "content_type": 9, "object_id": "7", "object_repr": "Продаю Mi 8 lite! Память: 64гигабайт Состояние: 9из10 Не вскрытый", "action_flag": 2, "change_message": "[{\"changed\": {\"fields\": [\"\\u0414\\u0435\\u0439\\u0441\\u0442\\u0432\\u0438\\u0442\\u0435\\u043b\\u044c\\u043d\\u044b\\u0439 \\u043f\\u043e\\u0441\\u0442\"]}}]"}}, {"model": "admin.logentry", "pk": 43, "fields": {"action_time": "2022-07-15T10:15:43.185Z", "user": 1, "content_type": 9, "object_id": "12", "object_repr": "IPhone Xs | 64 ГБ | Розовое золото (Rose Gold) Б/у", "action_flag": 2, "change_message": "[{\"changed\": {\"fields\": [\"\\u0414\\u0435\\u0439\\u0441\\u0442\\u0432\\u0438\\u0442\\u0435\\u043b\\u044c\\u043d\\u044b\\u0439 \\u043f\\u043e\\u0441\\u0442\"]}}]"}}, {"model": "admin.logentry", "pk": 44, "fields": {"action_time": "2022-07-15T10:16:09.343Z", "user": 1, "content_type": 9, "object_id": "12", "object_repr": "IPhone Xs | 64 ГБ | Розовое золото (Rose Gold) Б/у", "action_flag": 2, "change_message": "[{\"changed\": {\"fields\": [\"\\u0414\\u0435\\u0439\\u0441\\u0442\\u0432\\u0438\\u0442\\u0435\\u043b\\u044c\\u043d\\u044b\\u0439 \\u043f\\u043e\\u0441\\u0442\"]}}]"}}, {"model": "admin.logentry", "pk": 45, "fields": {"action_time": "2022-07-15T11:30:46.617Z", "user": 1, "content_type": 16, "object_id": "5", "object_repr": "admin IPhone 8 | 64 ГБ | Красный | С документами", "action_flag": 1, "change_message": "[{\"added\": {}}]"}}, {"model": "admin.logentry", "pk": 46, "fields": {"action_time": "2022-07-18T10:15:57.387Z", "user": 1, "content_type": 9, "object_id": "27", "object_repr": "Продам Ноутбук (Подарок Мирбек)", "action_flag": 3, "change_message": ""}}, {"model": "admin.logentry", "pk": 47, "fields": {"action_time": "2022-07-18T10:43:54.363Z", "user": 1, "content_type": 16, "object_id": "14", "object_repr": "admin Продается дом", "action_flag": 3, "change_message": ""}}, {"model": "admin.logentry", "pk": 48, "fields": {"action_time": "2022-07-18T10:43:54.365Z", "user": 1, "content_type": 16, "object_id": "13", "object_repr": "admin Toyota WISH: 1.8 л | 2003 г. | 200000 км | Универсал", "action_flag": 3, "change_message": ""}}, {"model": "admin.logentry", "pk": 49, "fields": {"action_time": "2022-07-18T10:43:54.368Z", "user": 1, "content_type": 16, "object_id": "12", "object_repr": "domashkaitrun IPhone 12 Pro | 128 ГБ | Черный Б/у | Гарантия", "action_flag": 3, "change_message": ""}}, {"model": "admin.logentry", "pk": 50, "fields": {"action_time": "2022-07-18T10:43:54.370Z", "user": 1, "content_type": 16, "object_id": "11", "object_repr": "domashkaitrun IPhone Xs | 64 ГБ | Розовое золото (Rose Gold) Б/у", "action_flag": 3, "change_message": ""}}, {"model": "admin.logentry", "pk": 51, "fields": {"action_time": "2022-07-18T10:43:54.372Z", "user": 1, "content_type": 16, "object_id": "8", "object_repr": "toktorovkurmanbek92 Продаю Mi 8 lite! Память: 64гигабайт Состояние: 9из10 Не вскрытый", "action_flag": 3, "change_message": ""}}, {"model": "admin.logentry", "pk": 52, "fields": {"action_time": "2022-07-18T10:43:54.374Z", "user": 1, "content_type": 16, "object_id": "7", "object_repr": "toktorovkurmanbek92 Toyota WISH: 1.8 л | 2003 г. | 200000 км | Универсал", "action_flag": 3, "change_message": ""}}, {"model": "admin.logentry", "pk": 53, "fields": {"action_time": "2022-07-18T10:43:54.376Z", "user": 1, "content_type": 16, "object_id": "6", "object_repr": "admin IPhone 12 Pro | 128 ГБ | Черный Б/у | Гарантия", "action_flag": 3, "change_message": ""}}, {"model": "admin.logentry", "pk": 54, "fields": {"action_time": "2022-07-18T13:47:02.177Z", "user": 1, "content_type": 9, "object_id": "28", "object_repr": "Mercedes-Benz W124 2,3", "action_flag": 2, "change_message": "[{\"changed\": {\"fields\": [\"Title\", \"Post image\", \"\\u0427\\u0435\\u043b\\u043e\\u0432\\u0435\\u043a\\u043e\\u043f\\u043e\\u043d\\u044f\\u0442\\u043d\\u044b\\u0439 URL (\\u0441\\u0430\\u043c\\u043e \\u0433\\u0435\\u043d\\u0435\\u0440\\u0430\\u0446\\u0438\\u044f)\"]}}]"}}, {"model": "admin.logentry", "pk": 55, "fields": {"action_time": "2022-07-20T10:11:45.027Z", "user": 1, "content_type": 17, "object_id": "1", "object_repr": "Lalafo — это международный сервис объявлений. В Кыргызстане сервис запущен в 2015 году, и на сегодняшний день Lalafo используют 1,5 миллиона кыргызстанцев. Аудитория сервиса продолжает расти, и уже вс", "action_flag": 1, "change_message": "[{\"added\": {}}]"}}, {"model": "admin.logentry", "pk": 56, "fields": {"action_time": "2022-07-20T10:14:50.362Z", "user": 1, "content_type": 17, "object_id": "1", "object_repr": "Lalafo — это международный сервис объявлений. В Кыргызстане сервис запущен в 2015 году, и на сегодняшний день Lalafo используют 1,5 миллиона кыргызстанцев. Аудитория сервиса продолжает расти, и уже вс", "action_flag": 2, "change_message": "[{\"changed\": {\"fields\": [\"\\u041a\\u0430\\u0440\\u0442\\u0438\\u043d\\u043a\\u0430 \\u043e \\u043d\\u0430\\u0441\"]}}]"}}, {"model": "admin.logentry", "pk": 57, "fields": {"action_time": "2022-07-20T10:54:07.785Z", "user": 1, "content_type": 19, "object_id": "1", "object_repr": "lalafo osh открылся!, Lorem Ipsum is simpl...", "action_flag": 1, "change_message": "[{\"added\": {}}]"}}, {"model": "admin.logentry", "pk": 58, "fields": {"action_time": "2022-07-20T10:59:49.134Z", "user": 1, "content_type": 19, "object_id": "2", "object_repr": "Оплачивайте услуги сервиса lalafo с помощью MegaPay без комиссии, Вы просили – мы сдел...", "action_flag": 1, "change_message": "[{\"added\": {}}]"}}, {"model": "admin.logentry", "pk": 59, "fields": {"action_time": "2022-07-20T11:00:37.545Z", "user": 1, "content_type": 19, "object_id": "3", "object_repr": "Как не попасться на уловки \"покупателей\" на сайтах объявлений. Комментарий эксперта, В Call-центр Kaktus....", "action_flag": 1, "change_message": "[{\"added\": {}}]"}}, {"model": "admin.logentry", "pk": 60, "fields": {"action_time": "2022-07-21T13:39:28.076Z", "user": 1, "content_type": 9, "object_id": "14", "object_repr": "Тестовый slug", "action_flag": 3, "change_message": ""}}, {"model": "admin.logentry", "pk": 61, "fields": {"action_time": "2022-07-21T13:40:15.512Z", "user": 1, "content_type": 6, "object_id": "1", "object_repr": "Lalafo", "action_flag": 2, "change_message": "[{\"changed\": {\"fields\": [\"\\u041b\\u043e\\u0433\\u043e\\u0442\\u0438\\u043f \\u0441\\u0430\\u0439\\u0442\\u0430\"]}}]"}}, {"model": "admin.logentry", "pk": 62, "fields": {"action_time": "2022-07-21T13:40:31.929Z", "user": 1, "content_type": 6, "object_id": "1", "object_repr": "Lalafo", "action_flag": 2, "change_message": "[{\"changed\": {\"fields\": [\"\\u041b\\u043e\\u0433\\u043e\\u0442\\u0438\\u043f \\u0441\\u0430\\u0439\\u0442\\u0430\"]}}]"}}, {"model": "admin.logentry", "pk": 63, "fields": {"action_time": "2022-07-21T13:45:18.248Z", "user": 1, "content_type": 6, "object_id": "1", "object_repr": "Python", "action_flag": 2, "change_message": "[{\"changed\": {\"fields\": [\"\\u041d\\u0430\\u0437\\u0432\\u0430\\u043d\\u0438\\u0435 \\u0441\\u0430\\u0439\\u0442\\u0430\", \"\\u041b\\u043e\\u0433\\u043e\\u0442\\u0438\\u043f \\u0441\\u0430\\u0439\\u0442\\u0430\"]}}]"}}, {"model": "admin.logentry", "pk": 64, "fields": {"action_time": "2022-07-22T10:14:35.086Z", "user": 1, "content_type": 8, "object_id": "6", "object_repr": "Asus", "action_flag": 1, "change_message": "[{\"added\": {}}]"}}, {"model": "admin.logentry", "pk": 65, "fields": {"action_time": "2022-07-22T10:17:30.666Z", "user": 1, "content_type": 8, "object_id": "7", "object_repr": "Lexus", "action_flag": 1, "change_message": "[{\"added\": {}}]"}}, {"model": "admin.logentry", "pk": 66, "fields": {"action_time": "2022-07-22T10:17:42.350Z", "user": 1, "content_type": 8, "object_id": "8", "object_repr": "bmw", "action_flag": 1, "change_message": "[{\"added\": {}}]"}}, {"model": "admin.logentry", "pk": 67, "fields": {"action_time": "2022-07-22T10:19:59.371Z", "user": 1, "content_type": 8, "object_id": "9", "object_repr": "Электронника None", "action_flag": 1, "change_message": "[{\"added\": {}}]"}}, {"model": "admin.logentry", "pk": 68, "fields": {"action_time": "2022-07-22T10:20:28.700Z", "user": 1, "content_type": 8, "object_id": "10", "object_repr": "ТВ Электронника None", "action_flag": 1, "change_message": "[{\"added\": {}}]"}}, {"model": "admin.logentry", "pk": 69, "fields": {"action_time": "2022-07-22T10:21:01.227Z", "user": 1, "content_type": 8, "object_id": "5", "object_repr": "Ноутбуки None", "action_flag": 2, "change_message": "[{\"changed\": {\"fields\": [\"\\u0427\\u0435\\u043b\\u043e\\u0432\\u0435\\u043a\\u043e\\u043f\\u043e\\u043d\\u044f\\u0442\\u043d\\u044b\\u0439 URL (\\u0441\\u0430\\u043c\\u043e \\u0433\\u0435\\u043d\\u0435\\u0440\\u0430\\u0446\\u0438\\u044f)\"]}}]"}}, {"model": "admin.logentry", "pk": 70, "fields": {"action_time": "2022-07-22T10:21:11.428Z", "user": 1, "content_type": 8, "object_id": "4", "object_repr": "Телефоны None", "action_flag": 2, "change_message": "[{\"changed\": {\"fields\": [\"\\u0427\\u0435\\u043b\\u043e\\u0432\\u0435\\u043a\\u043e\\u043f\\u043e\\u043d\\u044f\\u0442\\u043d\\u044b\\u0439 URL (\\u0441\\u0430\\u043c\\u043e \\u0433\\u0435\\u043d\\u0435\\u0440\\u0430\\u0446\\u0438\\u044f)\"]}}]"}}, {"model": "admin.logentry", "pk": 71, "fields": {"action_time": "2022-07-22T10:21:23.623Z", "user": 1, "content_type": 8, "object_id": "1", "object_repr": "Машины None", "action_flag": 2, "change_message": "[{\"changed\": {\"fields\": [\"\\u0427\\u0435\\u043b\\u043e\\u0432\\u0435\\u043a\\u043e\\u043f\\u043e\\u043d\\u044f\\u0442\\u043d\\u044b\\u0439 URL (\\u0441\\u0430\\u043c\\u043e \\u0433\\u0435\\u043d\\u0435\\u0440\\u0430\\u0446\\u0438\\u044f)\"]}}]"}}, {"model": "admin.logentry", "pk": 72, "fields": {"action_time": "2022-07-22T10:21:56.220Z", "user": 1, "content_type": 8, "object_id": "3", "object_repr": "Одежда None", "action_flag": 2, "change_message": "[{\"changed\": {\"fields\": [\"\\u0427\\u0435\\u043b\\u043e\\u0432\\u0435\\u043a\\u043e\\u043f\\u043e\\u043d\\u044f\\u0442\\u043d\\u044b\\u0439 URL (\\u0441\\u0430\\u043c\\u043e \\u0433\\u0435\\u043d\\u0435\\u0440\\u0430\\u0446\\u0438\\u044f)\"]}}]"}}, {"model": "admin.logentry", "pk": 73, "fields": {"action_time": "2022-07-22T10:22:08.439Z", "user": 1, "content_type": 8, "object_id": "2", "object_repr": "Недвижимость None", "action_flag": 2, "change_message": "[{\"changed\": {\"fields\": [\"\\u0427\\u0435\\u043b\\u043e\\u0432\\u0435\\u043a\\u043e\\u043f\\u043e\\u043d\\u044f\\u0442\\u043d\\u044b\\u0439 URL (\\u0441\\u0430\\u043c\\u043e \\u0433\\u0435\\u043d\\u0435\\u0440\\u0430\\u0446\\u0438\\u044f)\"]}}]"}}, {"model": "admin.logentry", "pk": 74, "fields": {"action_time": "2022-07-22T10:22:32.152Z", "user": 1, "content_type": 8, "object_id": "11", "object_repr": "LG ТВ Электронника None", "action_flag": 1, "change_message": "[{\"added\": {}}]"}}, {"model": "admin.logentry", "pk": 75, "fields": {"action_time": "2022-07-22T10:25:33.077Z", "user": 1, "content_type": 8, "object_id": "12", "object_repr": "Hello", "action_flag": 1, "change_message": "[{\"added\": {}}]"}}, {"model": "admin.logentry", "pk": 76, "fields": {"action_time": "2022-07-22T10:25:51.434Z", "user": 1, "content_type": 8, "object_id": "13", "object_repr": "Toyota", "action_flag": 1, "change_message": "[{\"added\": {}}]"}}, {"model": "admin.logentry", "pk": 77, "fields": {"action_time": "2022-07-22T10:26:36.425Z", "user": 1, "content_type": 8, "object_id": "5", "object_repr": "ноутбуки", "action_flag": 2, "change_message": "[{\"changed\": {\"fields\": [\"\\u0417\\u0430\\u0433\\u043e\\u043b\\u043e\\u0432\\u043e\\u043a\"]}}]"}}, {"model": "admin.logentry", "pk": 78, "fields": {"action_time": "2022-07-22T10:26:52.520Z", "user": 1, "content_type": 8, "object_id": "14", "object_repr": "test", "action_flag": 1, "change_message": "[{\"added\": {}}]"}}, {"model": "auth.permission", "pk": 1, "fields": {"name": "Can add log entry", "content_type": 1, "codename": "add_logentry"}}, {"model": "auth.permission", "pk": 2, "fields": {"name": "Can change log entry", "content_type": 1, "codename": "change_logentry"}}, {"model": "auth.permission", "pk": 3, "fields": {"name": "Can delete log entry", "content_type": 1, "codename": "delete_logentry"}}, {"model": "auth.permission", "pk": 4, "fields": {"name": "Can view log entry", "content_type": 1, "codename": "view_logentry"}}, {"model": "auth.permission", "pk": 5, "fields": {"name": "Can add permission", "content_type": 2, "codename": "add_permission"}}, {"model": "auth.permission", "pk": 6, "fields": {"name": "Can change permission", "content_type": 2, "codename": "change_permission"}}, {"model": "auth.permission", "pk": 7, "fields": {"name": "Can delete permission", "content_type": 2, "codename": "delete_permission"}}, {"model": "auth.permission", "pk": 8, "fields": {"name": "Can view permission", "content_type": 2, "codename": "view_permission"}}, {"model": "auth.permission", "pk": 9, "fields": {"name": "Can add group", "content_type": 3, "codename": "add_group"}}, {"model": "auth.permission", "pk": 10, "fields": {"name": "Can change group", "content_type": 3, "codename": "change_group"}}, {"model": "auth.permission", "pk": 11, "fields": {"name": "Can delete group", "content_type": 3, "codename": "delete_group"}}, {"model": "auth.permission", "pk": 12, "fields": {"name": "Can view group", "content_type": 3, "codename": "view_group"}}, {"model": "auth.permission", "pk": 13, "fields": {"name": "Can add content type", "content_type": 4, "codename": "add_contenttype"}}, {"model": "auth.permission", "pk": 14, "fields": {"name": "Can change content type", "content_type": 4, "codename": "change_contenttype"}}, {"model": "auth.permission", "pk": 15, "fields": {"name": "Can delete content type", "content_type": 4, "codename": "delete_contenttype"}}, {"model": "auth.permission", "pk": 16, "fields": {"name": "Can view content type", "content_type": 4, "codename": "view_contenttype"}}, {"model": "auth.permission", "pk": 17, "fields": {"name": "Can add session", "content_type": 5, "codename": "add_session"}}, {"model": "auth.permission", "pk": 18, "fields": {"name": "Can change session", "content_type": 5, "codename": "change_session"}}, {"model": "auth.permission", "pk": 19, "fields": {"name": "Can delete session", "content_type": 5, "codename": "delete_session"}}, {"model": "auth.permission", "pk": 20, "fields": {"name": "Can view session", "content_type": 5, "codename": "view_session"}}, {"model": "auth.permission", "pk": 21, "fields": {"name": "Can add Настройка", "content_type": 6, "codename": "add_setting"}}, {"model": "auth.permission", "pk": 22, "fields": {"name": "Can change Настройка", "content_type": 6, "codename": "change_setting"}}, {"model": "auth.permission", "pk": 23, "fields": {"name": "Can delete Настройка", "content_type": 6, "codename": "delete_setting"}}, {"model": "auth.permission", "pk": 24, "fields": {"name": "Can view Настройка", "content_type": 6, "codename": "view_setting"}}, {"model": "auth.permission", "pk": 25, "fields": {"name": "Can add Пользователь", "content_type": 7, "codename": "add_user"}}, {"model": "auth.permission", "pk": 26, "fields": {"name": "Can change Пользователь", "content_type": 7, "codename": "change_user"}}, {"model": "auth.permission", "pk": 27, "fields": {"name": "Can delete Пользователь", "content_type": 7, "codename": "delete_user"}}, {"model": "auth.permission", "pk": 28, "fields": {"name": "Can view Пользователь", "content_type": 7, "codename": "view_user"}}, {"model": "auth.permission", "pk": 29, "fields": {"name": "Can add Категория", "content_type": 8, "codename": "add_category"}}, {"model": "auth.permission", "pk": 30, "fields": {"name": "Can change Категория", "content_type": 8, "codename": "change_category"}}, {"model": "auth.permission", "pk": 31, "fields": {"name": "Can delete Категория", "content_type": 8, "codename": "delete_category"}}, {"model": "auth.permission", "pk": 32, "fields": {"name": "Can view Категория", "content_type": 8, "codename": "view_category"}}, {"model": "auth.permission", "pk": 33, "fields": {"name": "Can add Объявление", "content_type": 9, "codename": "add_post"}}, {"model": "auth.permission", "pk": 34, "fields": {"name": "Can change Объявление", "content_type": 9, "codename": "change_post"}}, {"model": "auth.permission", "pk": 35, "fields": {"name": "Can delete Объявление", "content_type": 9, "codename": "delete_post"}}, {"model": "auth.permission", "pk": 36, "fields": {"name": "Can view Объявление", "content_type": 9, "codename": "view_post"}}, {"model": "auth.permission", "pk": 37, "fields": {"name": "Can add Дополнительные фотографии", "content_type": 10, "codename": "add_postimage"}}, {"model": "auth.permission", "pk": 38, "fields": {"name": "Can change Дополнительные фотографии", "content_type": 10, "codename": "change_postimage"}}, {"model": "auth.permission", "pk": 39, "fields": {"name": "Can delete Дополнительные фотографии", "content_type": 10, "codename": "delete_postimage"}}, {"model": "auth.permission", "pk": 40, "fields": {"name": "Can view Дополнительные фотографии", "content_type": 10, "codename": "view_postimage"}}, {"model": "auth.permission", "pk": 41, "fields": {"name": "Can add email address", "content_type": 11, "codename": "add_emailaddress"}}, {"model": "auth.permission", "pk": 42, "fields": {"name": "Can change email address", "content_type": 11, "codename": "change_emailaddress"}}, {"model": "auth.permission", "pk": 43, "fields": {"name": "Can delete email address", "content_type": 11, "codename": "delete_emailaddress"}}, {"model": "auth.permission", "pk": 44, "fields": {"name": "Can view email address", "content_type": 11, "codename": "view_emailaddress"}}, {"model": "auth.permission", "pk": 45, "fields": {"name": "Can add email confirmation", "content_type": 12, "codename": "add_emailconfirmation"}}, {"model": "auth.permission", "pk": 46, "fields": {"name": "Can change email confirmation", "content_type": 12, "codename": "change_emailconfirmation"}}, {"model": "auth.permission", "pk": 47, "fields": {"name": "Can delete email confirmation", "content_type": 12, "codename": "delete_emailconfirmation"}}, {"model": "auth.permission", "pk": 48, "fields": {"name": "Can view email confirmation", "content_type": 12, "codename": "view_emailconfirmation"}}, {"model": "auth.permission", "pk": 49, "fields": {"name": "Can add social account", "content_type": 13, "codename": "add_socialaccount"}}, {"model": "auth.permission", "pk": 50, "fields": {"name": "Can change social account", "content_type": 13, "codename": "change_socialaccount"}}, {"model": "auth.permission", "pk": 51, "fields": {"name": "Can delete social account", "content_type": 13, "codename": "delete_socialaccount"}}, {"model": "auth.permission", "pk": 52, "fields": {"name": "Can view social account", "content_type": 13, "codename": "view_socialaccount"}}, {"model": "auth.permission", "pk": 53, "fields": {"name": "Can add social application", "content_type": 14, "codename": "add_socialapp"}}, {"model": "auth.permission", "pk": 54, "fields": {"name": "Can change social application", "content_type": 14, "codename": "change_socialapp"}}, {"model": "auth.permission", "pk": 55, "fields": {"name": "Can delete social application", "content_type": 14, "codename": "delete_socialapp"}}, {"model": "auth.permission", "pk": 56, "fields": {"name": "Can view social application", "content_type": 14, "codename": "view_socialapp"}}, {"model": "auth.permission", "pk": 57, "fields": {"name": "Can add social application token", "content_type": 15, "codename": "add_socialtoken"}}, {"model": "auth.permission", "pk": 58, "fields": {"name": "Can change social application token", "content_type": 15, "codename": "change_socialtoken"}}, {"model": "auth.permission", "pk": 59, "fields": {"name": "Can delete social application token", "content_type": 15, "codename": "delete_socialtoken"}}, {"model": "auth.permission", "pk": 60, "fields": {"name": "Can view social application token", "content_type": 15, "codename": "view_socialtoken"}}, {"model": "auth.permission", "pk": 61, "fields": {"name": "Can add Понравилось пост", "content_type": 16, "codename": "add_favoritepost"}}, {"model": "auth.permission", "pk": 62, "fields": {"name": "Can change Понравилось пост", "content_type": 16, "codename": "change_favoritepost"}}, {"model": "auth.permission", "pk": 63, "fields": {"name": "Can delete Понравилось пост", "content_type": 16, "codename": "delete_favoritepost"}}, {"model": "auth.permission", "pk": 64, "fields": {"name": "Can view Понравилось пост", "content_type": 16, "codename": "view_favoritepost"}}, {"model": "auth.permission", "pk": 65, "fields": {"name": "Can add О нас", "content_type": 17, "codename": "add_aboutus"}}, {"model": "auth.permission", "pk": 66, "fields": {"name": "Can change О нас", "content_type": 17, "codename": "change_aboutus"}}, {"model": "auth.permission", "pk": 67, "fields": {"name": "Can delete О нас", "content_type": 17, "codename": "delete_aboutus"}}, {"model": "auth.permission", "pk": 68, "fields": {"name": "Can view О нас", "content_type": 17, "codename": "view_aboutus"}}, {"model": "auth.permission", "pk": 69, "fields": {"name": "Can add Контакт", "content_type": 18, "codename": "add_contact"}}, {"model": "auth.permission", "pk": 70, "fields": {"name": "Can change Контакт", "content_type": 18, "codename": "change_contact"}}, {"model": "auth.permission", "pk": 71, "fields": {"name": "Can delete Контакт", "content_type": 18, "codename": "delete_contact"}}, {"model": "auth.permission", "pk": 72, "fields": {"name": "Can view Контакт", "content_type": 18, "codename": "view_contact"}}, {"model": "auth.permission", "pk": 73, "fields": {"name": "Can add Блог", "content_type": 19, "codename": "add_blog"}}, {"model": "auth.permission", "pk": 74, "fields": {"name": "Can change Блог", "content_type": 19, "codename": "change_blog"}}, {"model": "auth.permission", "pk": 75, "fields": {"name": "Can delete Блог", "content_type": 19, "codename": "delete_blog"}}, {"model": "auth.permission", "pk": 76, "fields": {"name": "Can view Блог", "content_type": 19, "codename": "view_blog"}}, {"model": "contenttypes.contenttype", "pk": 1, "fields": {"app_label": "admin", "model": "logentry"}}, {"model": "contenttypes.contenttype", "pk": 2, "fields": {"app_label": "auth", "model": "permission"}}, {"model": "contenttypes.contenttype", "pk": 3, "fields": {"app_label": "auth", "model": "group"}}, {"model": "contenttypes.contenttype", "pk": 4, "fields": {"app_label": "contenttypes", "model": "contenttype"}}, {"model": "contenttypes.contenttype", "pk": 5, "fields": {"app_label": "sessions", "model": "session"}}, {"model": "contenttypes.contenttype", "pk": 6, "fields": {"app_label": "settings", "model": "setting"}}, {"model": "contenttypes.contenttype", "pk": 7, "fields": {"app_label": "users", "model": "user"}}, {"model": "contenttypes.contenttype", "pk": 8, "fields": {"app_label": "categories", "model": "category"}}, {"model": "contenttypes.contenttype", "pk": 9, "fields": {"app_label": "posts", "model": "post"}}, {"model": "contenttypes.contenttype", "pk": 10, "fields": {"app_label": "posts", "model": "postimage"}}, {"model": "contenttypes.contenttype", "pk": 11, "fields": {"app_label": "account", "model": "emailaddress"}}, {"model": "contenttypes.contenttype", "pk": 12, "fields": {"app_label": "account", "model": "emailconfirmation"}}, {"model": "contenttypes.contenttype", "pk": 13, "fields": {"app_label": "socialaccount", "model": "socialaccount"}}, {"model": "contenttypes.contenttype", "pk": 14, "fields": {"app_label": "socialaccount", "model": "socialapp"}}, {"model": "contenttypes.contenttype", "pk": 15, "fields": {"app_label": "socialaccount", "model": "socialtoken"}}, {"model": "contenttypes.contenttype", "pk": 16, "fields": {"app_label": "posts", "model": "favoritepost"}}, {"model": "contenttypes.contenttype", "pk": 17, "fields": {"app_label": "settings", "model": "aboutus"}}, {"model": "contenttypes.contenttype", "pk": 18, "fields": {"app_label": "settings", "model": "contact"}}, {"model": "contenttypes.contenttype", "pk": 19, "fields": {"app_label": "settings", "model": "blog"}}, {"model": "sessions.session", "pk": "0hmgemq5kodqkwjhekfh3wpd5c0m3fr0", "fields": {"session_data": ".eJxVjE0OgyAYBe_CuiGKKNBl956BfH8U2wYT0VXTu1cTF-12Zt57qwjbmuNWZYkTq6tq1eWXIdBTyiH4AeU-a5rLukyoj0SftupxZnndzvbvIEPN-zp4Y9GZAJyAxQANiYTAiQAj9saavmm61nZsQRyQsw78EBKiJ9mZ-nwBGl05eA:1oCIGV:6if-x72O8CzkeimQi9XfyLaIfCImDrndysrTyTh1fSs", "expire_date": "2022-07-29T10:09:43.973Z"}}, {"model": "sessions.session", "pk": "a318z48pcdkacpv22oss25nw5skt2esi", "fields": {"session_data": ".eJxVjE0OgyAYBe_CuiGKKNBl956BfH8U2wYT0VXTu1cTF-12Zt57qwjbmuNWZYkTq6tq1eWXIdBTyiH4AeU-a5rLukyoj0SftupxZnndzvbvIEPN-zp4Y9GZAJyAxQANiYTAiQAj9saavmm61nZsQRyQsw78EBKiJ9mZ-nwBGl05eA:1o5mjv:tSccr6N5tj6JtJ_sJHqggvTGp24mTL-L6OcWUgNvK_I", "expire_date": "2022-07-11T11:17:11.528Z"}}, {"model": "sessions.session", "pk": "djost8q6gseaxzo6c7ksha9rruxs39bd", "fields": {"session_data": ".eJxVjE0OgyAYBe_CuiGKKNBl956BfH8U2wYT0VXTu1cTF-12Zt57qwjbmuNWZYkTq6tq1eWXIdBTyiH4AeU-a5rLukyoj0SftupxZnndzvbvIEPN-zp4Y9GZAJyAxQANiYTAiQAj9saavmm61nZsQRyQsw78EBKiJ9mZ-nwBGl05eA:1oEWPM:ZRz4duCEKePAa4kEqI0iaGqiz0sN0n52ixidG8K9c8I", "expire_date": "2022-08-04T13:40:04.660Z"}}, {"model": "sessions.session", "pk": "hfsmfr3sy45l22eb289j6x0oby8979b1", "fields": {"session_data": ".eJxVjE0OgyAYBe_CuiGKKNBl956BfH8U2wYT0VXTu1cTF-12Zt57qwjbmuNWZYkTq6tq1eWXIdBTyiH4AeU-a5rLukyoj0SftupxZnndzvbvIEPN-zp4Y9GZAJyAxQANiYTAiQAj9saavmm61nZsQRyQsw78EBKiJ9mZ-nwBGl05eA:1o7EOu:fQG3WsejVgIwowVwUF4gFsp--ERC6PUubSLhXD5uJAA", "expire_date": "2022-07-15T11:01:28.047Z"}}, {"model": "sessions.session", "pk": "jfvx6mrtabxogeidncen1y34ebnz99nx", "fields": {"session_data": ".eJxVjDsOwjAQBe_iGln-B1PS5wzWrneNA8iR4qRC3B0ipYD2zcx7iQTbWtPWeUkTiYvQSpx-R4T84LYTukO7zTLPbV0mlLsiD9rlOBM_r4f7d1Ch12_tc1EavDXOGZNR4cAmeNZWWVLEgcqAhotDhgiBQoEQUVvy1sYAfBbvDwr9OIA:1oAoma:ySveCpl-gKFCVsPC0SR9kG_z3g170GI0oKE2eHk5lHY", "expire_date": "2022-07-25T08:28:44.504Z"}}, {"model": "sessions.session", "pk": "jpo71lkckpk2q30tkawludr693wjxzbk", "fields": {"session_data": ".eJxVjE0OgyAYBe_CuiGKKNBl956BfH8U2wYT0VXTu1cTF-12Zt57qwjbmuNWZYkTq6tq1eWXIdBTyiH4AeU-a5rLukyoj0SftupxZnndzvbvIEPN-zp4Y9GZAJyAxQANiYTAiQAj9saavmm61nZsQRyQsw78EBKiJ9mZ-nwBGl05eA:1oAqUq:dQhcYy2Nr8EEmH3MINzW7Osxl6SDkCt_BC6W1q3NC0M", "expire_date": "2022-07-25T10:18:32.195Z"}}, {"model": "settings.setting", "pk": 1, "fields": {"title": "Python", "description": "Lalafo — это мобильное приложение для купли и продажи б/у вещей, авто и поиска недвижимости, работы и услуг. В сервисе применяются машинное обучение и компьютерное зрение для распознавания товаров по фото, выявления мошенников, улучшения релевантности контента и пр.", "logo": "logo/640px-Python-logo-notext.svg.png", "phone": "+996772344455", "address": "Masalieva 38", "email": "lalafo@email.com", "facebook": "http://facebook.com", "twitter": "http://twiiter.com", "youtube": "http://youtube.com", "instagram": "http://instagram.com", "linkedin": null}}, {"model": "settings.aboutus", "pk": 1, "fields": {"image": "about_us/unnamed.webp", "description": "Lalafo — это международный сервис объявлений. В Кыргызстане сервис запущен в 2015 году, и на сегодняшний день Lalafo используют 1,5 миллиона кыргызстанцев. Аудитория сервиса продолжает расти, и уже вся страна знает Lalafo, а каждый четвертый житель пользуется — успешно продает и покупает."}}, {"model": "settings.contact", "pk": 1, "fields": {"name": "Курманбек", "email": "kuma@gmail.com", "title": "Не работает сайт ", "phone": "302985", "problem": "Я не могу разместить объявление", "status": "В ожидании"}}, {"model": "settings.contact", "pk": 2, "fields": {"name": "Курманбек", "email": "kuma@gmail.com", "title": "Не работает сайт ", "phone": "302985", "problem": "Я не могу разместить объявление", "status": "В ожидании"}}, {"model": "settings.contact", "pk": 3, "fields": {"name": "r", "email": "r@gmail.com", "title": "t", "phone": "23", "problem": "Hello", "status": "В ожидании"}}, {"model": "settings.blog", "pk": 1, "fields": {"title": "lalafo osh открылся!", "description": "Lorem Ipsum is simply dummy text of the printing and typesetting industry. Lorem Ipsum has been the industry's standard dummy text ever since the 1500s, when an unknown printer took a galley of type and scrambled it to make a type specimen book. It has survived not only five centuries, but also the leap into electronic typesetting, remaining essentially unchanged. It was popularised in the 1960s with the release of Letraset sheets containing Lorem Ipsum passages, and more recently with desktop publishing software like Aldus PageMaker including versions of Lorem Ipsum.", "image": "blog_image/162321_w_h500_1587466326_r.jpg", "created": "2022-07-20T10:57:51.556Z"}}, {"model": "settings.blog", "pk": 2, "fields": {"title": "Оплачивайте услуги сервиса lalafo с помощью MegaPay без комиссии", "description": "Вы просили – мы сделали! Отныне абоненты государственного оператора сотовой связи MegaCom смогут оплачивать платные услуги сервиса lalafo с помощью приложения MegaPay без комиссии. Пополнение кошелька, запуск платной рекламы для продвижения объявлений и покупка бизнес-профиля на lalafo теперь займут всего несколько секунд.\r\n\r\n\"Около 30% пользователей lalafo являются абонентами MegaCom. Ранее мы получали множество запросов от клиентов на подключение приложения MegaPay для оплаты услуг lalafo, в связи с чем нами было принято решение реализовать такую возможность, – отмечает директор lalafo Кыргызстан Дарья Суходолова. – Мы прислушались к просьбам пользователей и рады представить клиентам новый инструмент для пополнения нашего кошелька\".", "image": "blog_image/2022-04-06_14-24-49_678312.jpg", "created": "2022-07-20T10:59:49.134Z"}}, {"model": "settings.blog", "pk": 3, "fields": {"title": "Как не попасться на уловки \"покупателей\" на сайтах объявлений. Комментарий эксперта", "description": "В Call-центр Kaktus.media обратилась читательница, которая пыталась продать мебель, но была обманута. Покупатель, чтобы якобы заплатить за товар, попросил данные карты продавца, после чего с нее стали списывать средства. Это один из распространенных видов мошенничества на сайтах объявлений. Что делать, чтобы избежать обмана, мы попросили разъяснить директора по IT-аудиту консалтинговой компании Baker Tilly Влада Ткачева.\r\n\r\nПо теме:\r\n\r\n\"Ваше устройство заблокировано МВД\". Что это значит и следует ли бояться?\r\n- Вы говорили, что Lalafo уже обращался к вам из-за мошенников. Расскажите, в чем их проблема, почему они не могут отслеживать и избавляться от преступников и как вообще с ними бороться.\r\n\r\n- Проблема не зависит от владельца ресурса. Мошенники пользуются любыми объявлениями, не обязательно на Lalafo, это может быть любой другой форум, где продавцы указывают свои номера телефонов. Они напрямую выходят на связь с продавцом и представляются иногородним покупателем, из Баткена или Сулюкты.\r\n\r\nГоворят, что они уже якобы купили этот товар, оплатив транспортной компании, и что сейчас за товаром приедет курьер.\r\n\r\nДля того чтобы получить деньги, нужно пройти по ссылке, которая максимально похожа на ссылку доски объявлений или транспортной компании. Там продавцу предлагается указать данные своей банковской карты якобы для зачисления денег. Это и есть основная цель мошенников.\r\n\r\nОни охотятся за банковскими данными, чтобы потом вывести какое-то количество денег.\r\n\r\nПродавцы, которые менее подготовлены в плане банковской безопасности, без лишних мыслей указывают свои данные, включая CVV-код, после чего мошенники мелкими порциями выводят деньги: по тысяче, по две тысячи сомов. Такие маленькие суммы выводятся для того, чтобы не превысить возможные лимиты банка, и в итоге выводят в ноль баланс карты. Все это происходит не на платформе конкретного сервиса или любой другой, а в WhatsApp.\r\n\r\nЕдинственный способ обезопасить продавцов от мошенников - повысить их осведомленность в этом вопросе.\r\n\r\nLalafo, кстати, предпринимает действия для этого. Рассылает предупреждения о том, чтобы данные карты не сообщались никому. Транспортные компании Кыргызстана, названия которых фигурируют в разводах мошенников, также в этом не заинтересованы - на их сайте тоже есть предупреждение, что никаких предварительно оплачиваемых доставок с последующим выкупом товара у них не бывает.\r\n\r\nМы пытались проработать этот вопрос, но есть один странный момент: географически эти мошенники находятся на территории России и Украины. В Украине существует огромное количество бизнес-центров, в которых мошенники снимают целые этажи и обрабатывают людей из СНГ по знакомой нам схеме.\r\n\r\nГоворят, что мошенники - это зэки из тюрем Кыргызстана, но их на самом деле меньшинство.\r\n\r\nУже даже шутка такая появилась: \"Можно ли посадить телефонного мошенника? - \"Нет, потому что он уже сидит\". Описываемая схема, несмотря на всю свою примитивность, все же требует определенных технических навыков для того, чтобы регистрировать новые домены, создавать поддельные веб-сайты и собирать банковские сведения. Для зэков это довольно тяжело, они не настолько технически подготовлены. Зэки, как правило, занимаются телефонными разводами, и их главное оружие - голос и умение убеждать.\r\n\r\nЯ уверен, что разводами на различных досках объявлений занимаются организованные преступные группировки из России и Украины, таких там очень много. Проблема в том, что они, находясь за рубежом, используют телефонные номера Кыргызстана: в WhatsApp видно, что номер наш, местный.\r\n\r\nПо нашему законодательству вся номерная емкость в коде 996 - это собственность Кыргызской Республики. Государство передает блоки номеров телефонов операторам связи во временное пользование. И операторы в свою очередь временно присваивают номера телефонов своим абонентам на основании договоров на обслуживание и оказание услуг связи.\r\n\r\nПо действующим требованиям каждый телефонный номер в двухнедельный срок должен быть зарегистрирован на конкретное лицо. Но получается, что каким-то образом наши номера утекают за рубеж и там ими кто-то пользуется. Создать и активировать WhatsApp без обслуживаемого номера телефона невозможно - нужно подтвердить свой номер через SMS. Тогда остается один вариант, что наши номера всплывают за рубежом не как сим-карты - привязанные к кыргызстанским номерам WhatsApp-аккаунты, скорее всего, также \"угоняют\" у наших пользователей с использованием методов социальной инженерии.\r\n\r\n- Какие советы вы можете дать обычным пользователям, которые могут нарваться на злоумышленников?\r\n\r\n- Не важно, что происходит в Интернете, правило одно - не доверять никому. Ведь в обычной жизни вы не сообщаете номер своей банковской карты со всеми подробностями каждому встречному? Это абсурд! То же касается Интернета. Любой сайт, требующий от вас персональные данные, должен быть доверенным ресурсом. А доверять всем подряд ресурсам в Интернете нельзя - там могут обмануть в любом месте.\r\n\r\nПокупать можно только на доверенных сайтах, нельзя покупать на первом попавшемся. Первое объявление, которое может вам попасться: \"Купить коляску со скидкой 90% за 200 сомов!\" Ну вы же понимаете, что коляска столько стоить не может. Доверять можно старым, проверенным ресурсам: Amazon, AliExpress, \"Яндекс.Маркет\", \"Вайлдберрис\" и т. д.\r\n\r\nТо есть тем ресурсам, которые давно подтвердили свою репутацию. Люди попадаются на одноразовые раскрученные маркетплейсы с огромными скидками: много товаров, доставка по всему СНГ, низкие цены. Выглядит это все похожим на правду, и люди покупают там. Но сайт одноразовый, он был создан буквально вчера! За ним ничего нет, его основная цель - собрать данные банковских карточек, чтобы их обналичить.\r\n\r\nЕсли вы все же хотите приобрести вещь по низкой цене на малоизвестном сайте, то все равно не раскрывайте данные своей банковской карты, а для оплаты воспользуйтесь платежными системами, такими как Google Pay, Apple Pay, PayPal, Alipay, Yoomoney и другими. Так вы сохраните основную сумму на своей карте в безопасности, потеряв только сумму покупки, если выбранный вами маркетплейс окажется мошенническим.\r\n\r\nПоэтому покупать в Интернете можно только в проверенных местах, на известных сайтах с хорошей репутацией.\r\n\r\nЧто же касается интернет-продаж через доски объявлений, маловероятно, но вполне возможно, что кто-то из покупателей решит оплатить ваш товар заранее, без личного осмотра. Как правило, передача денег осуществляется уже после того, как покупатель лично убедился в том, что товар соответствует описанию.\r\n\r\nНо предположим такую невероятную ситуацию, что покупатель желает по Интернету внести предоплату, чтобы гарантированно товар был снят с продажи и достался именно ему. Что ж, в этом случае нет ничего страшного в том, чтобы сообщить покупателю номер телефона, привязанный к мобильному кошельку.\r\n\r\nЕсли нет кошелька, то можно отправить покупателю номер банковского счета. И в крайнем случае - номер банковской карты.\r\n\r\nДля зачисления денег достаточно 16-значного номера карты. Все остальные сведения, указанные на карте - имя клиента, клиентский номер, срок действия карты и указанный на обороте трехзначный код безопасности, - секретные данные, которые не следует никому разглашать.", "image": "blog_image/unnamed.webp", "created": "2022-07-20T11:00:37.545Z"}}, {"model": "users.user", "pk": 1, "fields": {"password": "pbkdf2_sha256$320000$OL7RlPtHkwK6hXOhFVklYM$0/Z5JMDtP0AuA5IStzdyELV51scDn3cUI1h94NV2G1Q=", "last_login": "2022-07-21T13:40:04.653Z", "is_superuser": true, "username": "admin", "first_name": "", "last_name": "", "email": "", "is_staff": true, "is_active": true, "date_joined": "2022-06-27T10:19:30.450Z", "profile_image": "", "phone": "", "groups": [], "user_permissions": []}}, {"model": "users.user", "pk": 2, "fields": {"password": "pbkdf2_sha256$320000$IpUrIGvNOb7sRhKSnvgz63$VJ7TAsWA4oRKlR4fvCSwW4TNznwE3hg71UFVqrD2zic=", "last_login": "2022-06-27T11:09:16.837Z", "is_superuser": false, "username": "adilet", "first_name": "Саппорт", "last_name": "Адилет", "email": "adilet@gmail.com", "is_staff": false, "is_active": true, "date_joined": "2022-06-27T10:51:21.484Z", "profile_image": "profile_image/1656136042_7zlhh6lv6ri6emo0z1u8vzdukjd.jpeg", "phone": "", "groups": [], "user_permissions": []}}, {"model": "users.user", "pk": 3, "fields": {"password": "pbkdf2_sha256$320000$agZoyZ9IsdDeEci4aq8isb$HwO6PBesscBBBZaC16duGqDJmenSjcK9YUuYJ8TQ83o=", "last_login": null, "is_superuser": false, "username": "alinur", "first_name": "Python", "last_name": "Алинур", "email": "alinur@gmail.com", "is_staff": false, "is_active": true, "date_joined": "2022-06-27T10:54:40.363Z", "profile_image": "profile_image/avt-author-tab_6wQKaSm.jpg", "phone": "+996777777777", "groups": [], "user_permissions": []}}, {"model": "users.user", "pk": 4, "fields": {"password": "pbkdf2_sha256$320000$QQjV2Xp4sw61RFNMHSYfWn$IjtQvzWsNK8NjtaVvxbTSqimkpyxqKOcUa/OIzxCUrI=", "last_login": "2022-06-27T11:13:32.171Z", "is_superuser": false, "username": "zalkar", "first_name": "Zalkar", "last_name": "Kulamatov", "email": "zlkv@gmail.com", "is_staff": false, "is_active": true, "date_joined": "2022-06-27T11:13:11.316Z", "profile_image": "profile_image/1656136042_7zlhh6lv6ri6emo0z1u8vzdukjd_CyA2OHR.jpeg", "phone": "+996778787643", "groups": [], "user_permissions": []}}, {"model": "users.user", "pk": 5, "fields": {"password": "!Zel50dCLO12eo5LyTCglNtlLzidF23vuDipYyVo1", "last_login": "2022-07-21T13:39:54.820Z", "is_superuser": false, "username": "toktorovkurmanbek92", "first_name": "Токторов", "last_name": "Курманбек", "email": "toktorovkurmanbek92@gmail.com", "is_staff": false, "is_active": true, "date_joined": "2022-07-06T11:10:54.444Z", "profile_image": "", "phone": "", "groups": [], "user_permissions": []}}, {"model": "users.user", "pk": 6, "fields": {"password": "!VsethwxeWkJJj4K3tVtR1bO6dM1ItynVRHpHJsmY", "last_login": "2022-07-18T10:10:12.647Z", "is_superuser": false, "username": "domashkaitrun", "first_name": "Токторов", "last_name": "Курманбек", "email": "domashkaitrun@gmail.com", "is_staff": false, "is_active": true, "date_joined": "2022-07-06T11:17:50.014Z", "profile_image": "", "phone": "", "groups": [], "user_permissions": []}}, {"model": "users.user", "pk": 7, "fields": {"password": "!lJ6zke1jCrjya342MjSSZ1mY389JprriG95rDYW7", "last_login": "2022-07-06T11:20:30.774Z", "is_superuser": false, "username": "taylor", "first_name": "Taylor", "last_name": "Free Fire", "email": "toktoroveldos15@gmail.com", "is_staff": false, "is_active": true, "date_joined": "2022-07-06T11:20:30.743Z", "profile_image": "", "phone": "", "groups": [], "user_permissions": []}}, {"model": "users.user", "pk": 8, "fields": {"password": "!POw1CwpKPEzBEITSmdWfo6Gfa1Azj7POPGCFfdik", "last_login": "2022-07-06T11:21:09.034Z", "is_superuser": false, "username": "sejitbekovnursultan", "first_name": "Нурсултан", "last_name": "Сейитбеков", "email": "sejitbekovnursultan@gmail.com", "is_staff": false, "is_active": true, "date_joined": "2022-07-06T11:21:08.995Z", "profile_image": "", "phone": "", "groups": [], "user_permissions": []}}, {"model": "users.user", "pk": 10, "fields": {"password": "pbkdf2_sha256$320000$kisPcEnwPqSMHCXeHeohWL$6FD41oN/WnYIwiJXzAsCdfAzmrs3CnSEFDZADGbHoDk=", "last_login": "2022-07-11T08:28:44.500Z", "is_superuser": false, "username": "helloworld12", "first_name": "Hello ", "last_name": "World", "email": "hello@gmail.com", "is_staff": false, "is_active": true, "date_joined": "2022-07-11T08:28:33.372Z", "profile_image": "profile_image/avt-author-tab_yz6f0kn.jpg", "phone": "+99677234231", "groups": [], "user_permissions": []}}, {"model": "users.user", "pk": 11, "fields": {"password": "pbkdf2_sha256$320000$BFeL0xHWPabOHJkAUHEYC2$X/etJghUYl1nCu+ROiHP/jkjCvoe/PbAElyH66GJ58g=", "last_login": "2022-07-11T10:17:57.725Z", "is_superuser": false, "username": "adik", "first_name": "Adilet", "last_name": "Python", "email": "adi@gmail.com", "is_staff": false, "is_active": true, "date_joined": "2022-07-11T10:17:50.662Z", "profile_image": "profile_image/avt-author-tab_SwBZBCY.jpg", "phone": "+996772343203", "groups": [], "user_permissions": []}}, {"model": "users.user", "pk": 12, "fields": {"password": "pbkdf2_sha256$320000$I9hIu35VJXABjpXSbNfIsH$JKDB2ousHsCb6YBhMZEdvd8OvOSKpUFAtOXtmoegYP4=", "last_login": "2022-07-21T13:34:22.499Z", "is_superuser": false, "username": "nurbolot", "first_name": "Нурболот", "last_name": "Эркинбаев", "email": "nurbolot@gmail.com", "is_staff": false, "is_active": true, "date_joined": "2022-07-21T13:34:09.753Z", "profile_image": "profile_image/release-2020.2-kali-kde-dark.png", "phone": "+99677277377", "groups": [], "user_permissions": []}}, {"model": "categories.category", "pk": 1, "fields": {"title": "Машины", "slug": "cars"}}, {"model": "categories.category", "pk": 2, "fields": {"title": "Недвижимость", "slug": "nedvijimost"}}, {"model": "categories.category", "pk": 3, "fields": {"title": "Одежда", "slug": "dress"}}, {"model": "categories.category", "pk": 4, "fields": {"title": "Телефоны", "slug": "smartphone"}}, {"model": "categories.category", "pk": 5, "fields": {"title": "ноутбуки", "slug": "laptop"}}, {"model": "categories.category", "pk": 6, "fields": {"title": "Asus", "slug": "asus"}}, {"model": "categories.category", "pk": 7, "fields": {"title": "Lexus", "slug": "lexus"}}, {"model": "categories.category", "pk": 8, "fields": {"title": "bmw", "slug": "bmw"}}, {"model": "categories.category", "pk": 9, "fields": {"title": "Электронника", "slug": "electric"}}, {"model": "categories.category", "pk": 10, "fields": {"title": "ТВ", "slug": "tv"}}, {"model": "categories.category", "pk": 11, "fields": {"title": "LG", "slug": "lg"}}, {"model": "categories.category", "pk": 12, "fields": {"title": "Hello", "slug": "hello"}}, {"model": "categories.category", "pk": 13, "fields": {"title": "Toyota", "slug": "toyota"}}, {"model": "categories.category", "pk": 14, "fields": {"title": "test", "slug": "test"}}, {"model": "posts.post", "pk": 1, "fields": {"user": 2, "title": "Mercedes-Benz Sprinter 2.2 л. 2007 г", "description": "Mercedes Benz Sprinter Rex w906\r\nБаза средний цельнометалл низкий\r\nОбьем 2,2 две турбины\r\nГод 2007\r\nСвежепригнан растаможен не оформлен\r\nЧистый немец, бриф германский\r\nЭлектропакет, кондиционер...\r\nМашина в отличном состоянии\r\nрезина лето в отличном состоянии...", "category": 1, "price": 1097110, "post_image": "post_image/9bde21f2af19d0cf57fbe7281f.webp", "currency": "Договорная", "phone": "+99677777777", "created": "2022-06-27T11:33:18.460Z", "status": "Free", "valid": true, "slug": null}}, {"model": "posts.post", "pk": 2, "fields": {"user": 4, "title": "Mercedes-Benz S-Class 4.3 л. 2002 г. | 300000 км", "description": "Срочно продаю Мерседес S 430 long машина в хорошем состоянии в одних руках все расходники заменены машина без вложений все стикера на месте стекло все родные тор есть", "category": 1, "price": 516755, "post_image": "post_image/mercedes-benz-65235740_image-1656129978.webp", "currency": "Договорная", "phone": "+99677777777", "created": "2022-06-27T11:33:18.460Z", "status": "Pro", "valid": true, "slug": null}}, {"model": "posts.post", "pk": 3, "fields": {"user": 3, "title": "Продается дом", "description": "Жалал-Абад шаарында коммерциялык жай сатылат, аянты 106 м2, абалы жакшы, коммерциялык ишмердүүлүктүн /кеңсенин бардык түрүнө ылайыктуу.\r\nТолук маалыматка кызыккандар төмөндөгү телефон аркылуу байланышса болот.\r\n\r\nПродаю коммерческое помещение в г. Жалал-Абад, площадь 106 м2, в хорошем состоянии, подойдёт под любой вид торговой деятельности/офиса.\r\nВсех, кого интересует подробная информация, можно связаться по телефону, указанному ниже.", "category": 2, "price": 1272002, "post_image": "post_image/a3924b5ccb557b698bc752d1ec.webp", "currency": "Договорная", "phone": "+99677777777", "created": "2022-06-29T10:18:12.856Z", "status": "Free", "valid": true, "slug": null}}, {"model": "posts.post", "pk": 5, "fields": {"user": 1, "title": "Testing", "description": "Hello World", "category": null, "price": 23467, "post_image": "post_image/1656136042_7zlhh6lv6ri6emo0z1u8vzdukjd_5AQZ4Vm.jpeg", "currency": "KGZ", "phone": "23467", "created": "2022-07-04T10:22:22.025Z", "status": "Free", "valid": true, "slug": null}}, {"model": "posts.post", "pk": 6, "fields": {"user": 1, "title": "IPhone 8 | 64 ГБ | Красный | С документами", "description": "Айфон SE состояния отлично", "category": 4, "price": 13000, "post_image": "post_image/3300708b5fa362e69476487461.webp", "currency": "KGZ", "phone": "13000", "created": "2022-07-04T10:27:49.497Z", "status": "Free", "valid": false, "slug": "iphone-8-64-гб-красный-с-документами"}}, {"model": "posts.post", "pk": 7, "fields": {"user": 1, "title": "Продаю Mi 8 lite! Память: 64гигабайт Состояние: 9из10 Не вскрытый", "description": "Продаю Mi 8 lite! Память: 64гигабайт Состояние: 9из10 Не вскрытый, единственное по бокам царапины. Коробка документы имеются ! Не тороплюсь с продажей", "category": 4, "price": 0, "post_image": "post_image/c93b92cac97a21690196dfc0eb.webp", "currency": "Договорная", "phone": "0", "created": "2022-07-04T10:29:08.338Z", "status": "Pro", "valid": false, "slug": "prodayu-mi-8-lite-pamyat-64gigabajt-sostoyanie-9iz"}}, {"model": "posts.post", "pk": 8, "fields": {"user": 1, "title": "Продам машину", "description": "Mersedes W223", "category": 4, "price": 180000, "post_image": "post_image/tesla-snizila-ceny-na-model-s-i-model-x.jpg", "currency": "USD", "phone": "180000", "created": "2022-07-04T12:09:11.801Z", "status": "Free", "valid": true, "slug": null}}, {"model": "posts.post", "pk": 10, "fields": {"user": 10, "title": "Продаю участок", "description": "Продаю участок в Оше за 10000$", "category": 2, "price": 10000, "post_image": "post_image/c_vasca_5.jpg", "currency": "USD", "phone": "10000", "created": "2022-07-11T08:29:53.044Z", "status": "Free", "valid": false, "slug": "продаю-участок"}}, {"model": "posts.post", "pk": 11, "fields": {"user": 7, "title": "Продам ноутбук", "description": "Продам ноутбук хороший без проблем", "category": 5, "price": 60000, "post_image": "post_image/maxresdefault.jpg", "currency": "KGZ", "phone": "+99677777777", "created": "2022-07-13T10:38:24.583Z", "status": "Free", "valid": true, "slug": "prodam-noutbik-good"}}, {"model": "posts.post", "pk": 12, "fields": {"user": 1, "title": "IPhone Xs | 64 ГБ | Розовое золото (Rose Gold) Б/у", "description": "Продаю iPhone XS в идеальном состоянии, без трещин и потертостей. Без коробки. Звонить по номеру", "category": 4, "price": 20000, "post_image": "post_image/2fffef0fab497974143c4ee8ae.webp", "currency": "KGZ", "phone": "+905316788220", "created": "2022-07-13T10:46:32.485Z", "status": "Free", "valid": true, "slug": "iphone-xs-64-gb-rozovoe-zoloto-rose-gold-bu"}}, {"model": "posts.post", "pk": 13, "fields": {"user": 1, "title": "Курс по Python ", "description": "IT-RUN курс по Python за 7 месяцев", "category": 5, "price": 7000, "post_image": "post_image/Python_logo_and_wordmark.svg.png", "currency": "KGZ", "phone": "7000", "created": "2022-07-13T10:53:50.013Z", "status": "Free", "valid": false, "slug": "курс-по-python"}}, {"model": "posts.post", "pk": 18, "fields": {"user": 1, "title": "IPhone 12 Pro | 128 ГБ | Черный Б/у | Гарантия", "description": "IPhone 12 Pro | 128 ГБ | Черный Б/у | Гарантия", "category": 4, "price": 62000, "post_image": "post_image/d7eb8d53eae086774b0cf564c3_35g7tNJ.webp", "currency": "KGZ", "phone": "62000", "created": "2022-07-13T11:14:00.594Z", "status": "Free", "valid": true, "slug": "iphone-12-pro-128-гб-черный-бу-гарантия-vz0b"}}, {"model": "posts.post", "pk": 25, "fields": {"user": 1, "title": "Продаю тойота камри 55 se американец 2016 г.В. Свежепригнан", "description": "Продаю тойота камри 55 se американец 2016 г.В. Свежепригнан", "category": 1, "price": 435678, "post_image": "post_image/854bbacb693ea872d368284afa_rev1ZT5.webp", "currency": "KGZ", "phone": "435678", "created": "2022-07-13T11:27:27.479Z", "status": "Free", "valid": false, "slug": "продаю-тойота-камри-55-se-американец-2016-гв-свежепригнан-1r9x"}}, {"model": "posts.post", "pk": 26, "fields": {"user": 1, "title": "Toyota WISH: 1.8 л | 2003 г. | 200000 км | Универсал", "description": "Toyota WISH: 1.8 л | 2003 г. | 200000 км | Универсал", "category": 1, "price": 700000, "post_image": "post_image/3c6479a09600997539c38ef0f8.webp", "currency": "KGZ", "phone": "700000", "created": "2022-07-13T11:28:42.608Z", "status": "Free", "valid": true, "slug": "toyota-wish-18-л-2003-г-200000-км-универсал"}}, {"model": "posts.post", "pk": 28, "fields": {"user": 1, "title": "Mercedes-Benz W124 2,3", "description": "Mercedes-Benz W124 2,3 дизель Механика Пробег 384*** Состояние хорошее Машина очень аккуратная", "category": 1, "price": 295000, "post_image": "post_image/cf6e4e846e4823d00accadea5f.webp", "currency": "KGZ", "phone": "295000", "created": "2022-07-18T13:46:07.459Z", "status": "Free", "valid": false, "slug": "mersedes-benz-230"}}, {"model": "posts.post", "pk": 29, "fields": {"user": 12, "title": "Продам ноутбук ASUS ", "description": "Продаю ноутбук ASUS E GAMING E571GT цвет синий состояние хорошее", "category": 5, "price": 60000, "post_image": "post_image/IMG_0344_1_2.jpg", "currency": "KGZ", "phone": "60000", "created": "2022-07-21T13:35:45.495Z", "status": "Free", "valid": true, "slug": "продам-ноутбук-asus"}}, {"model": "posts.postimage", "pk": 1, "fields": {"post": 7, "image": "second_post_image/24e3ce9c9437c996eac5e0525c.webp"}}, {"model": "posts.postimage", "pk": 2, "fields": {"post": 7, "image": "second_post_image/0c468d8aa201f9271ca95e8256.webp"}}, {"model": "posts.postimage", "pk": 3, "fields": {"post": 7, "image": "second_post_image/0b11c4397820598c3e44dbe507.webp"}}, {"model": "posts.postimage", "pk": 4, "fields": {"post": 12, "image": "second_post_image/4a17151410b489d5228581608d.webp"}}, {"model": "posts.postimage", "pk": 5, "fields": {"post": 12, "image": "second_post_image/f623cd41ad6997adc2a3a1d94b.webp"}}, {"model": "posts.postimage", "pk": 6, "fields": {"post": 12, "image": "second_post_image/508d71d1826b3adcb68bd9ba3d.webp"}}, {"model": "posts.postimage", "pk": 7, "fields": {"post": 12, "image": "second_post_image/207965bfe38b637e63eb12d7ef.webp"}}, {"model": "posts.postimage", "pk": 8, "fields": {"post": 25, "image": "second_post_image/8baa70fc5ae3d37fdd9272f49d_7O72LsM_tKS0xja.webp"}}, {"model": "posts.postimage", "pk": 9, "fields": {"post": 25, "image": "second_post_image/c6fb980d2d2eb6888afe05cc9c.webp"}}, {"model": "posts.postimage", "pk": 10, "fields": {"post": 26, "image": "second_post_image/3c6479a09600997539c38ef0f8.webp"}}, {"model": "posts.postimage", "pk": 11, "fields": {"post": 26, "image": "second_post_image/8baa70fc5ae3d37fdd9272f49d_7O72LsM_GxK06Rk.webp"}}, {"model": "posts.postimage", "pk": 16, "fields": {"post": 28, "image": "second_post_image/41981bece79b5a21199f6eefd2.webp"}}, {"model": "posts.postimage", "pk": 17, "fields": {"post": 28, "image": "second_post_image/36a072587e85708af75f1a9b66.webp"}}, {"model": "posts.postimage", "pk": 18, "fields": {"post": 28, "image": "second_post_image/e940dcf165162078590a140342.webp"}}, {"model": "posts.postimage", "pk": 19, "fields": {"post": 29, "image": "second_post_image/Python_logo_and_wordmark.svg.png"}}, {"model": "posts.favoritepost", "pk": 26, "fields": {"user": 1, "post": 3}}, {"model": "posts.favoritepost", "pk": 27, "fields": {"user": 1, "post": 2}}, {"model": "posts.favoritepost", "pk": 28, "fields": {"user": 1, "post": 1}}, {"model": "posts.favoritepost", "pk": 29, "fields": {"user": 12, "post": 2}}, {"model": "account.emailaddress", "pk": 1, "fields": {"user": 5, "email": "toktorovkurmanbek92@gmail.com", "verified": true, "primary": true}}, {"model": "account.emailaddress", "pk": 2, "fields": {"user": 6, "email": "domashkaitrun@gmail.com", "verified": true, "primary": true}}, {"model": "account.emailaddress", "pk": 3, "fields": {"user": 7, "email": "toktoroveldos15@gmail.com", "verified": true, "primary": true}}, {"model": "account.emailaddress", "pk": 4, "fields": {"user": 8, "email": "sejitbekovnursultan@gmail.com", "verified": true, "primary": true}}, {"model": "socialaccount.socialapp", "pk": 1, "fields": {"provider": "google", "name": "IT-RUN", "client_id": "781585955735-q1ojufboga39bmd6602uq44sbkg7695l.apps.googleusercontent.com", "secret": "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", "key": ""}}, {"model": "socialaccount.socialaccount", "pk": 1, "fields": {"user": 5, "provider": "google", "uid": "111593775148338287402", "last_login": "2022-07-21T13:39:54.801Z", "date_joined": "2022-07-06T11:10:54.458Z", "extra_data": "{\"id\": \"111593775148338287402\", \"email\": \"toktorovkurmanbek92@gmail.com\", \"verified_email\": true, \"name\": \"\\u0422\\u043e\\u043a\\u0442\\u043e\\u0440\\u043e\\u0432 \\u041a\\u0443\\u0440\\u043c\\u0430\\u043d\\u0431\\u0435\\u043a\", \"given_name\": \"\\u0422\\u043e\\u043a\\u0442\\u043e\\u0440\\u043e\\u0432\", \"family_name\": \"\\u041a\\u0443\\u0440\\u043c\\u0430\\u043d\\u0431\\u0435\\u043a\", \"picture\": \"https://lh3.googleusercontent.com/a-/AFdZucpI_ByCoVlLPF9mzqFi5BjLEkD7RUtTrJZ4LVt2=s96-c\", \"locale\": \"ru\"}"}}, {"model": "socialaccount.socialaccount", "pk": 2, "fields": {"user": 6, "provider": "google", "uid": "109951403489635354747", "last_login": "2022-07-18T10:10:12.630Z", "date_joined": "2022-07-06T11:17:50.033Z", "extra_data": "{\"id\": \"109951403489635354747\", \"email\": \"domashkaitrun@gmail.com\", \"verified_email\": true, \"name\": \"\\u0422\\u043e\\u043a\\u0442\\u043e\\u0440\\u043e\\u0432 \\u041a\\u0443\\u0440\\u043c\\u0430\\u043d\\u0431\\u0435\\u043a\", \"given_name\": \"\\u0422\\u043e\\u043a\\u0442\\u043e\\u0440\\u043e\\u0432\", \"family_name\": \"\\u041a\\u0443\\u0440\\u043c\\u0430\\u043d\\u0431\\u0435\\u043a\", \"picture\": \"https://lh3.googleusercontent.com/a/AItbvmky8jel4AsZa7S2zFNiWJ_jyJBavygukDOU7wDQ=s96-c\", \"locale\": \"ru\"}"}}, {"model": "socialaccount.socialaccount", "pk": 3, "fields": {"user": 7, "provider": "google", "uid": "100986587568466154941", "last_login": "2022-07-06T11:20:30.755Z", "date_joined": "2022-07-06T11:20:30.755Z", "extra_data": "{\"id\": \"100986587568466154941\", \"email\": \"toktoroveldos15@gmail.com\", \"verified_email\": true, \"name\": \"Taylor Free Fire\", \"given_name\": \"Taylor\", \"family_name\": \"Free Fire\", \"picture\": \"https://lh3.googleusercontent.com/a-/AFdZucrBUcyOWRzhugoXw_fFxJ8-oiIRHD_slgnN_fYL=s96-c\", \"locale\": \"ru\"}"}}, {"model": "socialaccount.socialaccount", "pk": 4, "fields": {"user": 8, "provider": "google", "uid": "102078954145264964307", "last_login": "2022-07-06T11:21:09.016Z", "date_joined": "2022-07-06T11:21:09.016Z", "extra_data": "{\"id\": \"102078954145264964307\", \"email\": \"sejitbekovnursultan@gmail.com\", \"verified_email\": true, \"name\": \"\\u041d\\u0443\\u0440\\u0441\\u0443\\u043b\\u0442\\u0430\\u043d \\u0421\\u0435\\u0439\\u0438\\u0442\\u0431\\u0435\\u043a\\u043e\\u0432\", \"given_name\": \"\\u041d\\u0443\\u0440\\u0441\\u0443\\u043b\\u0442\\u0430\\u043d\", \"family_name\": \"\\u0421\\u0435\\u0439\\u0438\\u0442\\u0431\\u0435\\u043a\\u043e\\u0432\", \"picture\": \"https://lh3.googleusercontent.com/a/AItbvml8LhURj2Dom05SJ6Ne7ZYeBg4pMLSwIDHLqHij=s96-c\", \"locale\": \"ru\"}"}}]